feature,mean_importance
married_sum_educ,0.004805221510754421
female_ratio_educ,0.02375896983986201
married_diff_female,0.10012811784869727
tenure,0.10608126762131091
tenure_sum_educ,0.11768858808476956
educ_diff_female,0.14248226090038948
exper,0.14966651484740173
