feature,mean_importance
female_ratio_educ,0.03472399530320134
tenure,0.06309396905798292
married_diff_female,0.065811610248844
married_sum_educ,0.07576344103483564
exper,0.13187952292874897
tenure_sum_educ,0.15621020825063264
educ_diff_female,0.2725643060007005
