feature,mean_importance
female_ratio_educ,-0.004186310533139686
exper,0.038850536688819215
married_sum_educ,0.039504814034978165
married_diff_female,0.04752819823105141
tenure,0.04915367731683002
tenure_sum_educ,0.07399805945788022
educ_diff_female,0.2053110866269356
