feature,mean_importance
exper,0.0031087466353240333
female_ratio_educ,0.024085210936118463
married_sum_educ,0.02857652303194731
married_diff_female,0.10842115795840686
tenure_sum_educ,0.11042294081526785
tenure,0.14212564760186905
educ_diff_female,0.15141935218802224
