feature,mean_importance
tenure_sum_educ,-0.023577368575286972
tenure,0.007113376257870685
married_sum_educ,0.012800708379019898
female_ratio_educ,0.015145622453492102
married_diff_female,0.060069272696245846
educ_diff_female,0.07978803162643618
exper,0.10265519367811475
