feature,mean_importance
married_sum_educ,0.02085040465364969
female_ratio_educ,0.038408602347496636
tenure_sum_educ,0.04032686431102932
tenure,0.053185876991639035
exper,0.10545411318114513
married_diff_female,0.10927092762694637
educ_diff_female,0.3116498441819067
