feature,mean_importance
married_diff_female,-0.0484570762696057
female_ratio_educ,-0.020210566146690746
married_sum_educ,0.02241151571423211
exper,0.041903714659664935
tenure_sum_educ,0.053512221648642465
tenure,0.06192126014150965
educ_diff_female,0.1146754394491188
