feature,mean_importance
tenure,-0.009971015501165382
married_diff_female,-0.0031982064484965544
tenure_sum_educ,-0.0019857359101167925
married_sum_educ,-0.0017882250348083772
female_ratio_educ,0.0022854010506188514
exper,0.02183861635939275
educ_diff_female,0.026255595399722043
