feature,mean_importance
female_ratio_educ,-0.0030252678881662275
tenure_sum_educ,0.005963237033074775
married_sum_educ,0.014205610181819628
exper,0.052586865108925206
married_diff_female,0.06778180343704858
tenure,0.07601678247212189
educ_diff_female,0.1252783851653009
