feature,mean_importance
married,0.009146088201151547
exper,0.18242175441919475
tenure,0.24270892396190497
educ,0.24626616028497103
female,0.24820698338970065
