feature,mean_importance
married,0.005651319251654852
exper,0.09772518576131473
tenure,0.1758590425196417
female,0.20920330725425806
educ,0.4615223368815654
