feature,mean_importance
married,-0.0048049357610253415
female,0.015340695081919865
exper,0.07282725369863989
tenure,0.09002826853387622
educ,0.33352957759903556
