feature,mean_importance
married,-0.0016124580071686157
tenure,0.006342720152403114
exper,0.04701217086800228
female,0.051585092344031705
educ,0.10291646406719301
