feature,mean_importance
married,0.00800296186040197
exper,0.02588661614395533
tenure,0.2519002417238838
female,0.2576261226405722
educ,0.26128220618725767
