feature,mean_importance
exper,0.015531597878147885
tenure,0.15410850371369936
married,0.17626158436243167
educ,0.2419957946493084
female,0.30211211987850767
