feature,mean_importance
exper,0.016883135269933586
tenure,0.10763058224610877
married,0.1252327802753215
female,0.16105183908111886
educ,0.3786822222957002
