feature,mean_importance
exper,0.021465310259275495
tenure,0.2341587742310692
married,0.4180482387371704
female,0.429433607524372
educ,0.6435556654094464
