feature,mean_importance
exper,0.04374547620802185
tenure,0.11676937980118643
married,0.1392187064723898
educ,0.14204941320697478
female,0.24283244722316694
