feature,mean_importance
exper,0.010659105767271049
tenure,0.5068267631128327
