feature,mean_importance
exper,0.1833996693759735
tenure,0.4568790758448068
