feature,mean_importance
exper,0.04777628624584449
tenure,0.34204342541799676
