feature,mean_importance
exper,0.11945234799610167
tenure,0.3091105805905494
