feature,mean_importance
exper,0.0460196463350472
tenure,0.37283172584388324
