feature,mean_importance
exper,0.27721533831500605
tenure,0.4340258613806009
