feature,mean_importance
married,0.016255472030809716
exper,0.07933075778003655
female,0.1365089493850035
tenure,0.15840311422600625
educ,0.18484538759761587
