feature,mean_importance
married,-0.023425489940967537
exper,0.009598973967654977
female,0.02179539489486345
tenure,0.02869758772989641
educ,0.0486021686930966
