feature,mean_importance
exper,-0.02902920742632422
married,-0.010151062402571475
female,0.030319047294532286
tenure,0.16322442696002962
educ,0.33366567980927336
