feature,mean_importance
married,0.05388785009099848
exper,0.1860897999442309
tenure,0.2851972535647036
female,0.2961949723785179
educ,0.7052754698817301
