feature,mean_importance
married,0.05948539479074777
exper,0.20101922197419828
tenure,0.27501556593897825
female,0.2803861532673969
educ,0.43048443731467917
