feature,mean_importance
married,0.008247476668115827
exper,0.13899794998298834
female,0.2625080723646397
tenure,0.279206411662534
educ,0.5124766034132111
