feature,mean_importance
married,0.13818422357952254
exper,0.18590773303408492
educ,0.3216465595628899
tenure,0.34266338149754827
female,0.3457104108969198
