feature,mean_importance
married,0.03506328608537253
tenure,0.11863803282817434
exper,0.1390191323353994
educ,0.15449881340202662
female,0.1850743073567314
