feature,mean_importance
exper,-0.018914652153939237
married,0.01419378469473236
tenure,0.0687416666504053
female,0.2946835067792738
educ,0.4046669926962198
