feature,mean_importance
exper,-0.11737967688034286
married,0.05490033747374281
female,0.11850033554034042
educ,0.18126053859682184
tenure,0.19748863737296288
