feature,mean_importance
married,0.029119949607135254
exper,0.20127177945799052
female,0.23144898963991087
tenure,0.24383977070902157
educ,0.38296117243564365
