feature,mean_importance
married,-0.01210442863234248
tenure,0.019702702969305597
exper,0.03338225076526735
female,0.0869853877118611
educ,0.13744121975398885
