feature,mean_importance
married,0.006899040708654458
exper,0.03346881415447036
tenure,0.22873834856981565
female,0.2316570764633809
educ,0.3408213695078762
