feature,mean_importance
married,0.01755152838190399
tenure,0.12514265592623003
exper,0.1387368652162492
female,0.16190683293821415
educ,0.24111439197063253
