feature,mean_importance
married,0.02596900067327761
exper,0.09500413129255643
tenure,0.1106247305917358
educ,0.18547609630885345
female,0.21565533504310838
