feature,mean_importance
married,0.01172716778894357
exper,0.09843241785474224
female,0.132924695702614
tenure,0.14955462722099
educ,0.5883873428765366
