feature,mean_importance
married,0.039078723302110555
exper,0.10017549296381871
educ,0.13434236044039638
tenure,0.15313079759395584
female,0.2901277537540721
