feature,mean_importance
married,-0.07347570153336572
exper,-0.010972449352932257
tenure,0.01113269476742027
female,0.09467713471777514
educ,0.15742846849885164
