feature,mean_importance
married,0.1308532195357049
exper,0.14638117625767724
tenure,0.3125039246827062
female,0.32976787840849164
educ,0.7186049294441602
