feature,mean_importance
married,0.026801477615014856
female,0.13590897033851335
exper,0.1370889281956995
tenure,0.28517182134241426
educ,0.5450234940152303
