feature,mean_importance
exper,-0.04581729136029997
tenure,0.0044161503090323516
married,0.05373863212284884
female,0.07170345330985095
educ,0.10555938961745517
