feature,mean_importance
exper,-0.006596081824054289
married,0.0031765986671326353
female,0.05606381786318032
tenure,0.13396447326558997
educ,0.43866796265341323
