feature,mean_importance
married,0.0
exper,0.016165731270656812
tenure,0.17806593839385568
female,0.194875178208661
educ,0.23092913395227194
