feature,mean_importance
married,0.0028400890420115844
exper,0.039876825633826794
female,0.11005752470284084
tenure,0.23824949221759145
educ,0.247640191769188
