feature,mean_importance
married,0.007660251919019823
exper,0.07157406123764931
female,0.22927136250612423
tenure,0.3086296165308399
educ,0.6462379262189388
