feature,mean_importance
married,-0.0645915035942498
tenure,-0.009461951851910944
exper,0.00710704435153946
female,0.05904712911272603
educ,0.13698653802981223
