feature,mean_importance
exper,0.07798232074867825
married,0.20598224154225506
tenure,0.2603333212683633
female,0.3391305790982986
educ,0.6407728428636739
