feature,mean_importance
exper,0.045434934029156396
married,0.0786195802492442
tenure,0.10106411680530378
female,0.13208217445472747
educ,0.4207973254562239
