feature,mean_importance
exper,0.04695339737570499
tenure,0.2035215177325763
married,0.2321254346236933
educ,0.2881749383108284
female,0.3030196093544078
