feature,mean_importance
exper,0.03922422684650382
married,0.16314973795651372
tenure,0.21978961877870068
educ,0.278604065464101
female,0.2967095510170831
