feature,mean_importance
married,-0.09703102614875557
exper,-0.0181294162395939
tenure,0.01330242071155079
female,0.0855457269827764
educ,0.13126854979049207
