feature,mean_importance
exper,0.015190246227437943
married,0.03691589195305069
tenure,0.06872559392851443
female,0.10713085887290925
educ,0.3638876565854251
