feature,mean_importance
exper,0.03318678473961736
married,0.1546381380882577
tenure,0.17631356480137447
educ,0.2884685988278769
female,0.29870141046151505
