feature,mean_importance
married,0.0038691516591246923
exper,0.029484926206176664
female,0.21029449868780942
tenure,0.28602741881953087
educ,0.37414455415857734
