feature,mean_importance
married,0.013434657998019146
exper,0.0911135837847925
female,0.12624986317846126
tenure,0.17873649924695517
educ,0.5756409343206078
