feature,mean_importance
married,0.03504622210174217
exper,0.08784251877851036
educ,0.12115032359926536
tenure,0.1687743494327129
female,0.29871505822429906
