feature,mean_importance
married,0.01804949045886588
exper,0.16296046099427092
female,0.20451051651622737
tenure,0.24442563955316232
educ,0.34851151991915685
