feature,mean_importance
married,0.038072746791535786
exper,0.21478464780921516
tenure,0.21912730695697036
female,0.25436372246634104
educ,0.6520841381881892
