feature,mean_importance
married,0.009964445114327158
exper,0.104953296454776
tenure,0.18240336578323127
female,0.200944204344322
educ,0.545750243232042
