feature,mean_importance
exper,0.044899216351951196
married,0.09192542041310874
tenure,0.2122458874060773
female,0.2857920498305338
educ,0.5700624489782053
