feature,mean_importance
married,0.008838974023718017
educ,0.09904053223905157
exper,0.10426046231922341
tenure,0.19763863326197717
female,0.257193475521046
