feature,mean_importance
exper,-0.03674701354270491
married,0.013684547036200544
female,0.20135827777830193
educ,0.23196989453021005
tenure,0.2891313112380861
