feature,mean_importance
married,0.003730323006115066
exper,0.09359819094143983
tenure,0.23998296110559467
female,0.24250639546367153
educ,0.2837380743685479
