feature,mean_importance
exper,0.03490730357839905
female,0.04422464867806386
married,0.05166884433429958
tenure,0.0772130099604619
educ,0.3629507308195997
