feature,mean_importance
married,-0.0914392954871465
tenure,-0.011104014897706982
exper,0.002969634119570008
female,0.04619261895402329
educ,0.05598803554085987
