feature,mean_importance
married,0.016437294202728502
female,0.18394463617187312
exper,0.20025568674644806
tenure,0.4513306265989079
educ,0.9142880171006278
