feature,mean_importance
exper,0.05157290071810994
female,0.08916981480231431
tenure,0.10664233985584004
married,0.11146730546048586
educ,0.3147148433205075
