feature,mean_importance
exper,-0.021635857192034
married,0.004462438004433356
tenure,0.07171798414676042
female,0.09174430862705212
educ,0.39049375864025826
