feature,mean_importance
married,0.05615284702860015
exper,0.12280423484599308
tenure,0.2082390729703567
educ,0.21681836162044865
female,0.21763568782962697
