feature,mean_importance
female_ratio_educ,0.004822889469859015
married_sum_educ,0.02156344257561075
tenure_sum_educ,0.027404194347005417
married_diff_female,0.03626912556131666
tenure,0.04762495851547842
exper,0.08193752731062891
educ_diff_female,0.0916247697977402
