feature,mean_importance
tenure_sum_educ,0.04786537408480109
tenure,0.0832431168689256
married_diff_female,0.09073099929611536
married_sum_educ,0.09619704072857352
female_ratio_educ,0.11411059985364336
exper,0.15361455288967713
educ_diff_female,0.24937007575649411
