feature,mean_importance
exper,0.01789798454574587
married_sum_educ,0.03012413563663119
female_ratio_educ,0.04919305368712523
married_diff_female,0.09698376549914726
tenure,0.10313650394867482
educ_diff_female,0.12171025076254202
tenure_sum_educ,0.1403114177345347
