feature,mean_importance
married_sum_educ,0.061391573400564024
tenure,0.07980129361400379
married_diff_female,0.08473482914778643
female_ratio_educ,0.08965169672919371
exper,0.1774853638181043
tenure_sum_educ,0.2312568634390603
educ_diff_female,0.27591304224029906
