feature,mean_importance
tenure,0.019931361169532025
female_ratio_educ,0.030391872575397706
married_sum_educ,0.03272610203257009
exper,0.049178451409412925
tenure_sum_educ,0.05107950477240568
married_diff_female,0.0755944059043141
educ_diff_female,0.08393895217119092
