feature,mean_importance
female_ratio_educ,0.016404758512131117
married_diff_female,0.03567691139101225
tenure,0.0371856863338086
married_sum_educ,0.051261464796738945
exper,0.05400532659390274
tenure_sum_educ,0.09387774643092309
educ_diff_female,0.15443857080773285
