feature,mean_importance
married,-0.08092767902794125
tenure,-0.00816938661192641
exper,-0.005542529141109287
female,0.056324559761110324
educ,0.1505089326143896
