feature,mean_importance
married,0.03783991781330307
exper,0.07558425468678534
female,0.12413103280053198
tenure,0.16318225837186756
educ,0.43681253635311634
