feature,mean_importance
married,0.05207580698781764
exper,0.05670745467687584
tenure,0.18105590562150148
female,0.22870875829806164
educ,0.2649914967893177
