feature,mean_importance
tenure,0.014992950775182623
married,0.034158278383195496
educ,0.10957953913366891
exper,0.1115110232192591
female,0.24913577460592506
