feature,mean_importance
exper,0.08344632863238377
married,0.08751606000814846
tenure,0.12473441312107772
female,0.16114978375899983
educ,0.22323673124249646
