feature,mean_importance
married,0.11902664870767424
educ,0.14669024024744465
tenure,0.15103737536578893
exper,0.17497086053407912
female,0.3218280052459584
