feature,mean_importance
exper,0.017084930688372312
female,0.05419529926326716
tenure,0.1236049004703996
married,0.14057465476379483
educ,0.3135451665768236
