feature,mean_importance
exper,-0.028794421567479155
married,-0.01428282237703853
tenure,0.023606501668257285
educ,0.18146509206954875
female,0.18423500863120312
