feature,mean_importance
married,0.032461062362560834
exper,0.0846933912034212
tenure,0.16642026690702527
female,0.21582821554924198
educ,0.25085913884669603
