feature,mean_importance
female,0.022201045735592617
married,0.03229455289597209
exper,0.07589527720519472
educ,0.30223993751609557
tenure,0.3148208788885415
