feature,mean_importance
married,-0.020262618192488736
female,-0.0040370603555357045
exper,0.006621199867384386
tenure,0.16206704886850068
educ,0.24802680601819987
