feature,mean_importance
married,0.015069031927611531
exper,0.18080760209108088
educ,0.18736345511270866
tenure,0.2345942589110595
female,0.5295187732781687
