feature,mean_importance
married,0.07497899234656255
exper,0.19037602269777895
tenure,0.36521572542540287
female,0.4443433646748135
educ,0.5562518426970924
