feature,mean_importance
tenure,-0.04096101455729255
exper,-0.03249350380122788
married,-0.029096050660508955
female,-0.002298130887621319
educ,0.02474046401689589
