feature,mean_importance
married,0.041502090090527265
female,0.17483242334972976
exper,0.19781814026795896
tenure,0.27469489302601485
educ,0.5265584910811564
