feature,mean_importance
married_diff_female,-0.04202060107621007
married_sum_educ,0.008623688353760928
female_ratio_educ,0.011056267377100415
educ_diff_female,0.07029256817674465
tenure_sum_educ,0.07283899567758192
exper,0.07479502773864735
tenure,0.08404471359979072
