feature,mean_importance
exper,0.09884948948054502
married,0.11869506798667757
tenure,0.14137142851416898
educ,0.1788300914176019
female,0.27872518539903063
