feature,mean_importance
married,0.023089880920611372
exper,0.036702928178407236
tenure,0.0805954072383688
female,0.10621700318974972
educ,0.37607786815053473
