feature,mean_importance
exper,0.03736550187537928
married,0.13428165708702658
tenure,0.1514942923862365
female,0.18766015942916603
educ,0.41876249592592485
