feature,mean_importance
exper,0.02439979117587302
married,0.09464096417527844
tenure,0.14045495772777636
educ,0.16001689877589836
female,0.27806953802641626
