feature,mean_importance
exper,0.0473335961873891
tenure,0.18812169798137904
married,0.23265702632975968
female,0.3438209610329898
educ,0.36886661429113016
