feature,mean_importance
married,0.0
exper,0.7704127321349594
female,1.3077127846145453
tenure,2.8662768446254097
educ,3.1659956650681202
