feature,mean_importance
married,-0.8568666849743252
tenure,-0.0424260888645307
exper,0.0
female,2.2361629538417267
educ,7.656992211019713
