feature,mean_importance
married,0.0
educ,0.0724893810016642
exper,0.2388509977919835
tenure,1.7347287229374735
female,2.162104250094899
