feature,mean_importance
exper,-1.6629823642466992
married,0.0
female,0.5773633464813376
tenure,2.9809524677169046
educ,7.2784458117348425
