feature,mean_importance
married,-0.0913860437248539
tenure,-0.030284149565047658
exper,-0.013622494444640676
female,0.11490920434378774
educ,0.24024578306151406
