feature,mean_importance
exper,0.048300746578496014
tenure,0.061527866964818004
married,0.07943423730475618
educ,0.10470950196306254
female,0.1855030081703447
