feature,mean_importance
exper,0.00797439031523417
married,0.07735330783811571
tenure,0.13859294406938438
female,0.21918896659633766
educ,0.4786817685018291
