feature,mean_importance
married,0.014876315984162058
exper,0.07220227215878516
female,0.2142617612524483
educ,0.24078569137013153
tenure,0.29282077274332985
