feature,mean_importance
female,-1.0952970729824432
exper,-0.45997876916424046
married,0.3922725528863801
tenure,2.203530357781831
educ,8.172363706502079
