feature,mean_importance
exper,1.6504836965155008
married,1.7079220058796067
tenure,1.7691271383768474
educ,3.756724899083784
female,3.846469567666607
