feature,mean_importance
exper,-0.4537576830559848
married,0.5000764383967435
female,1.899292876116979
tenure,2.902994086401983
educ,5.659082730003687
