feature,mean_importance
exper,2.337805192604991
married,3.4013151628871867
female,6.523809342321084
tenure,7.571567695103018
educ,9.877746778294268
