feature,mean_importance
married,0.12587814354216223
exper,0.13831008001320125
tenure,0.14711389040052575
female,0.27372561148695435
educ,0.4879152154831455
