feature,mean_importance
exper,0.019987640457240375
married,0.08297471132526608
female,0.21150148956087783
tenure,0.2466363139680289
educ,0.2991291300804604
