feature,mean_importance
married,-0.09870000702708334
exper,0.010175417150606126
female,0.04439967269136531
tenure,0.08866857386491322
educ,0.21901575507613602
