feature,mean_importance
married,-0.09740982950302816
exper,0.11984517717178249
tenure,0.2947661155646957
female,0.33408480411043645
educ,0.8028308702952142
