feature,mean_importance
married,-0.08763552868366245
tenure,0.00190260443392124
exper,0.019038454685774298
female,0.0887717146474231
educ,0.18339665354795912
