feature,mean_importance
tenure_sum_educ,-0.020825803775423368
female_ratio_educ,0.029367228841975002
married_diff_female,0.046499179994512155
married_sum_educ,0.049112043081777225
tenure,0.07250446671198953
exper,0.12732530431043296
educ_diff_female,0.18265154004591433
