feature,mean_importance
exper,0.007075302578977971
female_ratio_educ,0.008070934992979284
tenure_sum_educ,0.03551633635479852
married_sum_educ,0.04795918773687913
married_diff_female,0.12416995158908684
educ_diff_female,0.1714471823141715
tenure,0.23697069597975656
