feature,mean_importance
married_sum_educ,-0.00175122859947896
tenure_sum_educ,0.022316852126007924
female_ratio_educ,0.022930243769650215
exper,0.042831525361625614
tenure,0.059828707587361266
married_diff_female,0.09622431024260933
educ_diff_female,0.21512765390705293
