feature,mean_importance
female_ratio_educ,-0.004437746560802702
exper,0.034539750459641666
tenure_sum_educ,0.045446292122742524
married_diff_female,0.05058388209922249
married_sum_educ,0.07880227562360212
tenure,0.08530711195959832
educ_diff_female,0.18108729921426908
