feature,mean_importance
married_diff_female,-0.00437537289929254
exper,0.0
female_ratio_educ,0.0
tenure,0.004326972072948465
married_sum_educ,0.014088772252275205
educ_diff_female,0.025582241563525242
tenure_sum_educ,0.03227350502048456
