feature,mean_importance
tenure_sum_educ,-0.009752584644169093
female_ratio_educ,-0.0007277376931946078
married_sum_educ,0.017546215889836604
married_diff_female,0.053828919039341075
exper,0.07104522677127877
tenure,0.09389339821983889
educ_diff_female,0.12450100106123467
