feature,mean_importance
married,0.0032050986232293075
exper,0.07608040046760944
tenure,0.13201078287084334
female,0.20695826047151328
educ,0.2116700692430861
