feature,mean_importance
exper,-0.03297963828142521
female,-0.009302833015510404
married,-0.0025501609058474982
tenure,0.07710967383778063
educ,0.47908551464103927
