feature,mean_importance
married,0.03933889760059345
exper,0.08654837622964259
tenure,0.1241683338473917
female,0.17299190374807766
educ,0.23168724003945215
