feature,mean_importance
married,0.018391880328002642
exper,0.09937605004974746
female,0.11567226846480713
educ,0.16552591656745955
tenure,0.32932100433201417
