feature,mean_importance
married,0.035261980864108
exper,0.06280842213773485
female,0.09145489668894784
tenure,0.1120861836720459
educ,0.5100976119538869
