feature,mean_importance
married,0.022603034210220217
exper,0.05165536758890658
tenure,0.0692729682121084
educ,0.11146487095413105
female,0.16300414284502576
