feature,mean_importance
married,-0.031433881624570136
exper,-0.004452959012215318
tenure,0.030719325656094764
female,0.052167010761657195
educ,0.17626159599525815
