feature,mean_importance
married,-0.08889953577180813
exper,-0.052053468534047555
female,-0.01568361086240817
tenure,0.08968588360210059
educ,0.4403866392862358
