feature,mean_importance
married,0.006722827788956609
exper,0.04524641177500022
female,0.20955815546493536
tenure,0.3106884464889747
educ,0.32455237462060893
