feature,mean_importance
exper,-0.013950498571284142
married,0.026121748036729155
female,0.18025523088158063
tenure,0.2215752395268062
educ,0.24547133717528907
