feature,mean_importance
tenure,0.019848958809974393
female_ratio_educ,0.02996365365018048
married_sum_educ,0.03282902509499859
exper,0.04964070454824245
tenure_sum_educ,0.05059157269907253
married_diff_female,0.07514288179050162
educ_diff_female,0.08357537575925086
