feature,mean_importance
tenure,0.06419455488270369
married_sum_educ,0.06578753623336922
tenure_sum_educ,0.06826478643362073
married_diff_female,0.08381308301139334
female_ratio_educ,0.08779584521150303
exper,0.09721872933434031
educ_diff_female,0.22130194602837544
