feature,mean_importance
female_ratio_educ,0.01767662805120715
married_diff_female,0.03417396976206585
tenure,0.03846294735863365
married_sum_educ,0.04955602972584983
exper,0.05552155227002662
tenure_sum_educ,0.09130284149696913
educ_diff_female,0.15556996955316832
