feature,mean_importance
married_sum_educ,0.0654651629697719
married_diff_female,0.08035374227741021
tenure,0.08444215230357474
female_ratio_educ,0.09042088892912162
exper,0.1884461382721054
tenure_sum_educ,0.2252036696595141
educ_diff_female,0.2664809560136616
