feature,mean_importance
married_diff_female,-0.05908426553431071
female_ratio_educ,-0.0035267342075114504
married_sum_educ,0.01894376759374079
tenure_sum_educ,0.02254772736599271
exper,0.02518968613091861
tenure,0.04526691327705934
educ_diff_female,0.11779369724608449
