feature,mean_importance
married_sum_educ,0.008176344844643201
female_ratio_educ,0.047863080386569425
married_diff_female,0.0963172264251272
tenure,0.10060051939687313
educ_diff_female,0.11086418431323927
exper,0.12151190320177321
tenure_sum_educ,0.16918692793166032
