feature,mean_importance
exper,0.02177004076054172
married,0.024319897070484497
tenure,0.08191575808640286
educ,0.12985886400423943
female,0.17958820541833992
