feature,mean_importance
married,0.014176532772422678
exper,0.05949007794496084
tenure,0.08805215348820308
female,0.1836540160196208
educ,0.1906048186500414
