feature,mean_importance
married,-0.04897364801979161
exper,0.09619344094828511
tenure,0.2601443736603158
female,0.26304962374927493
educ,0.376454141145678
