feature,mean_importance
married,-0.005029891766264361
exper,0.0030828061937087092
female,0.21574699902907798
tenure,0.23818133476477027
educ,0.292532760441005
