feature,mean_importance
married,0.04989632099507337
exper,0.08029529672977223
female,0.1970025468158791
tenure,0.4170471114159245
educ,0.4580651418529233
