feature,mean_importance
exper,0.030878616243826172
married,0.045491096939608
female,0.21778525256795983
tenure,0.2636447242252061
educ,0.6565456896216242
