feature,mean_importance
married,0.05796126198780542
exper,0.10922165945299053
tenure,0.16665123879500263
female,0.21643544041450835
educ,0.453357903167937
