feature,mean_importance
married,-0.05384776090805592
exper,-0.0325261753248965
female,0.03276719903774441
tenure,0.07254517931407037
educ,0.44532414779121154
