feature,mean_importance
exper,1.0901587336450351
married,1.5077241261121053
tenure,2.1187445122863307
educ,3.8266997473930062
female,4.903406119536767
