feature,mean_importance
exper,-0.7384922163364855
tenure,-0.19780035314320746
married,1.4455236342710325
female,2.3586288368150377
educ,4.385630148120427
