feature,mean_importance
married,-2.539940781646653
female,-1.6059972397909021
exper,-1.1811299942585447
tenure,1.522818987237396
educ,8.008017925413663
