feature,mean_importance
married,0.011761693316455024
exper,0.19811411659246483
tenure,0.2548795059121374
female,0.2577867752636968
educ,0.3919165947962163
