feature,mean_importance
married,-0.017743692774909982
exper,0.02199789207595997
tenure,0.028928551569535044
female,0.040758362740148414
educ,0.1070867097502675
