feature,mean_importance
married,0.01741594602062435
exper,0.02575656822294905
tenure,0.15049616501408053
educ,0.2002331379297595
female,0.21764589833800355
