feature,mean_importance
married,0.01852730185926451
exper,0.08907623765985355
female,0.13134273890503492
tenure,0.1343502070633146
educ,0.18940891884062636
