feature,mean_importance
married,0.04610924024203097
exper,0.09601120572201242
educ,0.11771810645299852
tenure,0.16791462809986538
female,0.3117345177885738
