feature,mean_importance
married_diff_female,-0.05910886810650118
female_ratio_educ,-0.003501144176382154
married_sum_educ,0.018958361689146018
tenure_sum_educ,0.022767739847685632
exper,0.025003259339964824
tenure,0.04528535980282997
educ_diff_female,0.11788472899216496
