feature,mean_importance
married_sum_educ,0.013634414654444937
female_ratio_educ,0.04185602385854453
tenure,0.07866954221699744
educ_diff_female,0.09707298966044886
married_diff_female,0.10160263865074341
exper,0.15408220291033548
tenure_sum_educ,0.17847601835950005
