feature,mean_importance
tenure,-0.0011146628162507777
tenure_sum_educ,0.011615221723037205
married_sum_educ,0.029243918182366567
female_ratio_educ,0.03231311697171711
married_diff_female,0.0566447539158898
educ_diff_female,0.08734989688287756
exper,0.09550977511599132
