feature,mean_importance
exper,0.01243518664627763
tenure,0.17593770818061838
married,0.18058243323121936
educ,0.2400627099972133
female,0.29085890700175543
