feature,mean_importance
exper,0.01661818157486259
tenure,0.07194096263076459
married,0.097183939696772
educ,0.12442632004909408
female,0.2419100933209278
