feature,mean_importance
tenure,0.0080021418282052
exper,0.05596080878599544
married,0.1997511108743369
educ,0.2117826637333206
female,0.39937858711291696
