feature,mean_importance
tenure,0.04213234295540567
exper,0.04984204550471545
educ,0.11769454753629342
married,0.13728168547368633
female,0.231323161060907
