feature,mean_importance
exper,0.06895695838318155
married,0.10188004971144977
tenure,0.10804022012912162
female,0.19445669153288142
educ,0.29481446199583117
