feature,mean_importance
married,-0.0712027006187503
tenure,-0.012633443604853056
exper,0.001462611921564727
female,0.07486928250023897
educ,0.12913813125185913
