feature,mean_importance
tenure,0.06485560524877523
exper,0.06679808665083481
married,0.142207154848999
educ,0.14435303585818388
female,0.3120220982686532
