feature,mean_importance
exper,0.004291661730261543
married,0.011321479656070199
female,0.18477393376036155
tenure,0.27913483181873083
educ,0.32582564880410436
