feature,mean_importance
married,0.02086053977666049
exper,0.07454806185140575
female,0.1864513670972772
tenure,0.21875023639094593
educ,0.5509210847003867
