feature,mean_importance
married,0.006677370815134864
exper,0.022484690551246644
female,0.14673113868651275
tenure,0.14721891350743438
educ,0.20423804565038517
