feature,mean_importance
married,0.011448310312430588
exper,0.11661374931446349
female,0.20655078041546684
tenure,0.2751496750530317
educ,0.3524466299346612
