feature,mean_importance
married,0.01590680179247001
exper,0.0675161806987159
female,0.128628430553437
tenure,0.168337015147127
educ,0.5338048610448879
