feature,mean_importance
married,0.013584689631500746
exper,0.08168419388756862
female,0.11182679735376824
tenure,0.15925826911349766
educ,0.2371388420289034
