feature,mean_importance
tenure,0.048660152410359966
exper,0.050336166376540425
educ,0.1036631608722824
married,0.12811836839977114
female,0.27188639164679246
