feature,mean_importance
married,-0.07935867932474851
exper,-0.002392987674836855
tenure,0.02911635430672239
female,0.04442337088241823
educ,0.12358709410783413
