feature,mean_importance
exper,0.030547864186733296
married,0.0927924246304173
tenure,0.16767855425624778
female,0.17743078591683942
educ,0.1878557634924531
