feature,mean_importance
exper,0.015158217259542228
tenure,0.07077396476822036
married,0.10035454996109743
female,0.12323570727952218
educ,0.2383411110861585
