feature,mean_importance
married,0.01857950177008676
exper,0.17923714567913077
female,0.22170099239052615
tenure,0.2672871999182278
educ,0.6356993637470856
