feature,mean_importance
married,-0.012927509551553718
female,0.003130477842405188
exper,0.022623308990162082
tenure,0.14623835522100045
educ,0.4463134321895878
