feature,mean_importance
married,0.03188665078021502
exper,0.1395483709338772
educ,0.1616932374000549
tenure,0.17232389942062193
female,0.269286361972727
