feature,mean_importance
married,-0.019537913861128353
exper,0.03577970405099904
tenure,0.04153000256285223
female,0.04892514837578789
educ,0.11184366007770592
