feature,mean_importance
exper,0.06674696504203954
tenure,0.1866222958035231
married,0.303775995101352
educ,0.37987167727443527
female,0.40300012133060237
