feature,mean_importance
educ,0.05433314924309969
exper,0.06301170842953899
tenure,0.2159373588278512
female,0.23917626800970276
married,0.2724595718810513
