feature,mean_importance
exper,0.06995411932299242
tenure,0.09813946633064272
married,0.09820581236914382
educ,0.18649288660559718
female,0.19785361222242379
