feature,mean_importance
exper,0.047784993610897525
married,0.14383759751960593
tenure,0.17494453608440536
female,0.20687053779361336
educ,0.4185744858491992
