feature,mean_importance
exper,0.050942453194875094
tenure,0.10559642063711552
married,0.12143623871695461
educ,0.18975074935654052
female,0.34119113891033404
