feature,mean_importance
married,0.016255642074132277
exper,0.08737065275888861
female,0.1464322439276117
tenure,0.20406179323929177
educ,0.5165947952043582
