feature,mean_importance
married,0.03242555800999254
exper,0.16115046374989705
female,0.2531978866503602
tenure,0.3009803139012971
educ,0.6425172682781111
