feature,mean_importance
married,0.01932149750502581
exper,0.026378757529323792
female,0.19762882729437564
tenure,0.25972854832581965
educ,0.27790957777484876
