feature,mean_importance
married,0.013463669865043637
exper,0.08276135712234163
educ,0.1220886185534253
tenure,0.16976718326804693
female,0.2914122317470874
