feature,mean_importance
married,-0.03256205311025442
exper,0.0032033994697184378
female,0.010772823148546894
tenure,0.024329879749588036
educ,0.06088930764404012
