feature,mean_importance
married,0.07692977026469239
exper,0.09043372867504033
tenure,0.2427519927188373
female,0.26960632276660357
educ,0.625368945972142
