feature,mean_importance
married,0.02915568998897331
exper,0.18159302637253455
female,0.26920206661890755
tenure,0.3000886516185608
educ,0.4313424698780059
