feature,mean_importance
married,0.8808015089093416
exper,1.113575928898063
educ,1.6076409011936938
tenure,2.2111866871620443
female,3.7348424120950163
