feature,mean_importance
exper,1.0308398141071216
married,2.1858969222642957
female,2.395737124380618
educ,3.610933213756342
tenure,5.388117741619536
