feature,mean_importance
exper,0.5946761836877303
married,1.7738631733387922
educ,2.2342770089916035
female,5.507989042819355
tenure,5.743759055588614
