feature,mean_importance
exper,2.545073877812127
married,4.10051245122125
female,7.076960989702501
tenure,8.309700606445169
educ,9.610959977376217
