feature,mean_importance
married,-1.765585752713592
tenure,-0.24343568716998085
educ,1.1072041103829076
exper,1.1980790173937748
female,1.3238885976792123
