feature,mean_importance
married,-2.2481125836570404
exper,-2.088572982978642
tenure,-0.7343554543559815
female,-0.49423272976801974
educ,0.8901337067766466
