feature,mean_importance
exper,-0.39072913176717367
married,0.640735255838407
tenure,2.585805789758015
female,4.651132488978552
educ,6.8557656209071185
