feature,mean_importance
married,-1.7887245517664963
exper,-1.398493305208606
female,-0.36791929049642286
tenure,-0.04224550844261454
educ,1.3376789530758824
