feature,mean_importance
married,0.5275471391046274
exper,0.845479866593313
educ,1.6403136195066943
tenure,1.9137357442219152
female,2.5585691074416004
