feature,mean_importance
married,1.025458322041177
exper,1.7318680988856925
female,3.315243977123699
educ,4.721223075566284
tenure,4.756739654408231
