feature,mean_importance
married,2.4066950480708167
exper,2.5791433582555108
educ,3.8458421062649335
female,4.967377381541768
tenure,7.456456630648728
