feature,mean_importance
exper,1.181289432016552
married,2.178086808968298
female,3.18695519121406
educ,4.357387894529066
tenure,4.975601802577941
