feature,mean_importance
married,-0.6372332290931348
exper,0.5251027781896338
tenure,1.3086376843538565
female,1.8830946179133672
educ,2.3297664500916295
