feature,mean_importance
married,0.10595890797305973
tenure,0.15282763815390923
exper,0.17696585589819788
female,0.24734966569216638
educ,0.4100657808371377
