feature,mean_importance
married,0.05803709087246027
tenure,0.08307774336560789
exper,0.10215612007708748
female,0.18890019343141468
educ,0.22499574297104902
