feature,mean_importance
married,0.022649283873536253
exper,0.03795399404395766
female,0.11484632631811467
tenure,0.12036500346442
educ,0.5606322495590194
