feature,mean_importance
exper,-0.012018585676615578
married,0.10261673939160369
tenure,0.19545105045103633
educ,0.2525724452106092
female,0.2913360205476624
