feature,mean_importance
married,0.1636565735755599
exper,0.16620738225892911
tenure,0.26490999851593144
female,0.32787029627657766
educ,0.7042001863182639
