feature,mean_importance
married,0.01109371030008075
exper,0.14709534037724264
female,0.3917274710575385
tenure,0.40576671840611767
educ,0.8629903290497658
