feature,mean_importance
married,0.016078111111018832
exper,0.14568507558871185
female,0.20868564456414154
tenure,0.2090954568599403
educ,0.25355491013602327
