feature,mean_importance
exper,-0.006855419041570099
married,0.05698536726509693
tenure,0.11216701444770061
female,0.11537030451873971
educ,0.14158096555923808
