feature,mean_importance
married,0.04391329866211628
exper,0.04470050811698656
female,0.22428722990260502
tenure,0.32276668161679184
educ,0.34307141456162826
