feature,mean_importance
exper,0.02007853558703394
married,0.06693663908424627
female,0.11761150620378154
tenure,0.16595122229530193
educ,0.3998436666086846
