feature,mean_importance
married,0.025955819908201706
female,0.12007885329739658
exper,0.122022389495415
tenure,0.22143801066281435
educ,0.41614168725804285
