feature,mean_importance
exper,0.08246306027067507
married,0.09508751314575373
female,0.2537011220576935
tenure,0.2983796349789801
educ,0.7582984299741663
