feature,mean_importance
exper,0.048302617948098946
married,0.08477267703960298
female,0.11147388417274637
tenure,0.13243509436753506
educ,0.27057114143226924
