feature,mean_importance
married,-0.11797321032075565
exper,0.0029416025034993297
tenure,0.02354722319044582
female,0.09134392093011771
educ,0.19387514622815744
