feature,mean_importance
married,-0.05206346336864696
exper,-0.04437207042679936
female,0.009873056215442677
tenure,0.02215703577286885
educ,0.6187202483655716
