feature,mean_importance
married,0.0
exper,0.7273360454437536
female,1.972673513997437
tenure,4.371769237088515
educ,7.353985756102202
