feature,mean_importance
married,0.0
exper,0.4898111648775128
female,2.2884923389632186
tenure,4.045656904907132
educ,4.242612011379719
