feature,mean_importance
female,-0.6309654390907969
married,-0.44244967963008897
tenure,-0.26884531497755193
exper,0.2467068157041842
educ,1.0020748363700387
