feature,mean_importance
married,0.0
exper,0.6111089444171668
female,2.7096973133960818
tenure,4.280953394001853
educ,5.468772787253708
