feature,mean_importance
exper,0.0
married,0.0
educ,0.20281073773406072
female,1.2678150777121795
tenure,2.3271340426959046
