feature,mean_importance
married,0.0
female,0.3152194021416165
exper,0.3974681414794919
tenure,1.0868114806616933
educ,4.600801521597316
