feature,mean_importance
married_sum_educ,0.000774749774121708
female_ratio_educ,0.012816964072217728
tenure_sum_educ,0.025387839607679118
exper,0.04913092658326281
tenure,0.05436170024305156
married_diff_female,0.09935287336964471
educ_diff_female,0.1865511593507741
