feature,mean_importance
exper,-2.2569783793987335
married,0.0
female,0.0
tenure,2.4404167391696268
educ,4.44747884216248
