feature,mean_importance
exper,0.008332918428758485
tenure,0.06833010889548266
married,0.1350171767222208
educ,0.1689190944877741
female,0.1857516693162636
