feature,mean_importance
exper,-0.008292501623710225
tenure,0.249986236103934
married,0.307751003981057
educ,0.32190988088675065
female,0.3989725474114596
