feature,mean_importance
exper,0.022880592540761736
tenure,0.14251359439107342
married,0.18573298693671192
female,0.33748675631175273
educ,0.35501187867434253
