feature,mean_importance
exper,0.003316782334470836
married,0.014499965979114248
tenure,0.04591426545135724
female,0.10042687811262063
educ,0.33582553818292854
