feature,mean_importance
married,-0.08278959149165413
tenure,-0.0003700491915071602
exper,0.009875389665995039
female,0.07216987404528605
educ,0.12412319510436658
