feature,mean_importance
exper,0.026309454737816162
tenure,0.04957369461240653
educ,0.1451694073317336
married,0.15249581890861297
female,0.31174641007431053
