feature,mean_importance
exper,0.056871328775683995
married,0.17768098514326686
tenure,0.21698714002777839
female,0.2911367341031641
educ,0.3519893579599607
