feature,mean_importance
exper,0.015159647501314632
tenure,0.09953919405564057
married,0.1507322446250093
educ,0.18524357429671498
female,0.37116845444232494
