feature,mean_importance
exper,0.08160772347835048
married,0.2186362670791416
tenure,0.2776530549809399
female,0.3465078519667867
educ,0.5572972867860001
