feature,mean_importance
exper,0.027975996875463836
married,0.16062981354982905
tenure,0.22164239532096836
educ,0.2692081806822888
female,0.29971416794049965
