feature,mean_importance
exper,-0.03039525418829454
married,-0.01620761138284983
tenure,0.009858126260657851
female,0.10956050927213516
educ,0.14237023936573573
