feature,mean_importance
exper,0.08444847895545009
married,0.16668098163595885
tenure,0.2595673615200934
female,0.32293658739582237
educ,0.5159735365587124
