feature,mean_importance
exper,0.030687101109825456
married,0.10600181401417459
tenure,0.20776880372653445
female,0.20984534858639456
educ,0.36156348856028464
