feature,mean_importance
exper,-0.0060312464738977445
married,0.16517298597682045
tenure,0.2231538751243262
educ,0.2486408248317543
female,0.2642520211045411
