feature,mean_importance
married,0.031033718684063717
exper,0.131364651023233
tenure,0.15964079034117143
female,0.16782769436730235
educ,0.22704565749392894
