feature,mean_importance
exper,-0.033855679353616164
married,-0.01059968129575577
female,0.0996732688836427
tenure,0.1404982421709296
educ,0.5192515256601159
