feature,mean_importance
married,0.012849058433060279
exper,0.17703977625734646
female,0.22809918306914573
tenure,0.3155247053334785
educ,0.7961159113971775
