feature,mean_importance
married,-0.03583270834905685
tenure,0.016332899103920617
exper,0.03559209286965652
female,0.043952111464130715
educ,0.13687874303877906
