feature,mean_importance
married,0.020770107401528272
exper,0.06355747226379886
tenure,0.15092007858135378
educ,0.17867202803542234
female,0.1922377158823841
