feature,mean_importance
exper,0.09543845454492698
married,0.10246811396130347
tenure,0.18589298685422084
female,0.2632218620690233
educ,0.5504682253508977
