feature,mean_importance
married,0.050491841936435
exper,0.06449685035039768
educ,0.11891980681038868
tenure,0.1464842494905579
female,0.26809316678551226
