feature,mean_importance
married,0.030126639164313553
exper,0.04389839782614961
educ,0.23836254638124318
female,0.25530178780104745
tenure,0.28256036406763346
