feature,mean_importance
female_ratio_educ,0.028813518997733344
married_sum_educ,0.05322187627802681
tenure_sum_educ,0.05648285945258873
married_diff_female,0.06022042801567466
educ_diff_female,0.12189535844906381
tenure,0.1606820705571591
exper,0.1770930455522687
