feature,mean_importance
married_diff_female,-0.041894948866341195
female_ratio_educ,-0.009242907942408628
married_sum_educ,0.032858742149366585
exper,0.037341789281955765
tenure_sum_educ,0.03878990789631681
educ_diff_female,0.07533054106859159
tenure,0.08195026824097972
