feature,mean_importance
married_sum_educ,0.03443384364557356
female_ratio_educ,0.037254076130753065
married_diff_female,0.07222643113600255
tenure,0.08525453858570028
tenure_sum_educ,0.13962958241645623
exper,0.17174535132893606
educ_diff_female,0.3279761409592573
