feature,mean_importance
exper,-0.032250684013318855
married,0.031287820653636514
female,0.11928978231297202
tenure,0.14290494053436106
educ,0.24402889169612277
