feature,mean_importance
married,0.007837863411630824
female,0.22142198661446738
tenure,0.22643660820281503
exper,0.2478112448816682
educ,0.4585854360873979
