feature,mean_importance
exper,0.06984659611985763
married,0.1113348717390978
tenure,0.19355318829406923
female,0.33170052751870743
educ,0.4199927519956071
