feature,mean_importance
married,-0.00588911988057077
exper,0.07325028740429888
tenure,0.19550175710465928
educ,0.2835275426584302
female,0.2920007153164571
