feature,mean_importance
married,0.016820585350552954
exper,0.05787641856826935
female,0.12364736690872409
tenure,0.18967904103877242
educ,0.4539359523615317
