feature,mean_importance
married,0.029920618982056068
exper,0.13756931712430714
tenure,0.24557190994953104
female,0.25353088039730975
educ,0.538658169439325
