feature,mean_importance
exper,0.0019812277823074266
female,0.0027407529324199654
married,0.01124382769238239
tenure,0.1343336103511119
educ,0.3450634576702459
