feature,mean_importance
married,0.0
female,0.20745791814522305
tenure,0.20972156451498253
exper,0.28885099784873014
educ,0.31018640181802504
