feature,mean_importance
exper,0.03204061720467879
married,0.04952963554723768
female,0.2856901430660627
educ,0.32870481558409004
tenure,0.3365256081019249
