feature,mean_importance
exper,0.05041607591208871
tenure,0.08662898693223334
educ,0.10607646295579962
married,0.1331837339864912
female,0.32168066607592305
