feature,mean_importance
exper,0.0332062023488819
married,0.06165231393639163
tenure,0.0805563787642403
educ,0.18435324663352073
female,0.26349275271178263
