feature,mean_importance
exper,0.004602915561618337
married,0.02658927809767886
tenure,0.06467576908593431
female,0.08229195850326369
educ,0.27845847843403215
