feature,mean_importance
exper,0.07181672677665145
tenure,0.08876528984679273
married,0.13409522349171285
educ,0.17645077063392808
female,0.23309314230119602
