feature,mean_importance
married,-0.060945738464900326
tenure,0.007621477955338807
exper,0.009856603146224186
female,0.07281048635592517
educ,0.1375876814537654
