feature,mean_importance
exper,-0.003885914116777034
married,0.15462183141906957
tenure,0.23551963948662413
educ,0.2605636363713096
female,0.3304218385356573
