feature,mean_importance
exper,0.06452206921658454
tenure,0.15960158813954314
married,0.18305234535114173
educ,0.31083167515344845
female,0.3594523862173006
