feature,mean_importance
married,0.11965280266612374
exper,0.18610870911445798
tenure,0.4093161596173068
female,0.4289796881032464
educ,0.6965964806927853
