feature,mean_importance
married,-0.07191620489573827
exper,-0.039367222649496415
female,0.01315598184684108
tenure,0.08273595625544958
educ,0.4544156420267734
