feature,mean_importance
exper,0.05504957823320931
married,0.12807182177872362
tenure,0.2066696770611851
female,0.2660229150538271
educ,0.42537661394626386
