feature,mean_importance
exper,-0.019700837405826
married,0.09744646420311036
female,0.2127256469282483
tenure,0.24188235853587042
educ,0.30084411893550767
