feature,mean_importance
exper,0.01604101018841895
married,0.01663193506160714
female,0.22395065828858868
tenure,0.27954641886114306
educ,0.3140139031335418
