feature,mean_importance
married,-0.007820775150340176
exper,0.014177655474362639
female,0.025116890373015732
tenure,0.0401840108089739
educ,0.08242462437338122
