feature,mean_importance
married,0.028639320007274937
exper,0.19628130116688697
female,0.22993297591993295
tenure,0.3026677071322258
educ,0.6614737488599085
