feature,mean_importance
married,0.006377015589598478
exper,0.09314487715379187
female,0.11338214967064134
tenure,0.14664119279073745
educ,0.21323930894775475
