feature,mean_importance
married,0.017021067534285027
exper,0.09436968301504803
female,0.1334772327902115
tenure,0.18040567680366765
educ,0.5703998896061495
