feature,mean_importance
married,0.0002946424296750294
exper,0.047739320221456306
tenure,0.14026319466564693
female,0.1726638744798423
educ,0.17989411578675862
