feature,mean_importance
exper,0.015001295641400247
tenure,0.1777458169843913
married,0.20815716467022613
educ,0.26474232363765365
female,0.30693208375002967
