feature,mean_importance
exper,0.025706877643934235
married,0.13344858544882826
tenure,0.1378181297597453
female,0.1765203770449542
educ,0.4002025280396689
