feature,mean_importance
exper,0.04578738778610605
tenure,0.16433909556912507
married,0.22388155006264868
female,0.3396520927065387
educ,0.3647811516150806
