feature,mean_importance
exper,0.020769556466919005
tenure,0.0754924080696321
married,0.09941792149028615
educ,0.17836244975196092
female,0.2600046394544495
