feature,mean_importance
exper,0.06606596163374953
married,0.19418079707284613
tenure,0.24509704499202006
female,0.312124839165414
educ,0.5564632208635202
