feature,mean_importance
exper,0.039490070180802896
tenure,0.07492037861112347
married,0.09598796640575152
educ,0.17990284401137605
female,0.18627657828035699
