feature,mean_importance
exper,0.04969853149484206
tenure,0.06613245977431081
married,0.13098611050068937
educ,0.15224137441614924
female,0.3221429328664399
