feature,mean_importance
married,0.023999118368598825
exper,0.2089046893496452
tenure,0.21645762519527806
female,0.2480016965248601
educ,0.6326021451048947
