feature,mean_importance
married,0.021283120946981888
exper,0.06719566010910628
female,0.1528855047501941
tenure,0.179160426377241
educ,0.5594473539537848
