feature,mean_importance
exper,0.007961039402161663
married,0.018496557729117714
female,0.20779787265964317
tenure,0.2802077976736719
educ,0.302554176924406
