feature,mean_importance
married,0.08264209354434841
exper,0.1058240665649572
tenure,0.18355622821323983
female,0.3143921207863955
educ,0.6463516779085822
