feature,mean_importance
married,-0.011461990530952804
exper,-0.00466775402326437
female,0.017134572344811094
tenure,0.14771701967285988
educ,0.33040799433483187
