feature,mean_importance
married,0.011383570087296357
exper,0.0704779382264759
female,0.19726245442785037
tenure,0.2533699598830216
educ,0.2951787192201018
