feature,mean_importance
married,0.008773073687698935
exper,0.06134387838155403
female,0.08914250814928179
tenure,0.14905361762717226
educ,0.4508029245336019
