feature,mean_importance
tenure,0.04650897526713236
exper,0.05383796871388967
married,0.10047006775835587
female,0.16707169691699972
educ,0.21793979301697522
