feature,mean_importance
married,0.03209945959095678
exper,0.08484984446132679
female,0.14507260126472696
tenure,0.16127879790832308
educ,0.5433650738506905
