feature,mean_importance
married,0.0391502504791341
exper,0.09852676321116768
female,0.2667733674099736
tenure,0.2813883277635177
educ,0.32259127633117596
