feature,mean_importance
exper,0.062007083054515834
married,0.16292420629086835
tenure,0.17792599568254563
educ,0.3144224411078894
female,0.3226650220878427
