feature,mean_importance
exper,0.05254915278560999
married,0.13691929378765522
tenure,0.13973562674239268
educ,0.25286783825425546
female,0.3067990728821361
