feature,mean_importance
exper,0.04793199752935294
tenure,0.1156131042647343
married,0.12349382058390801
female,0.18898875596480091
educ,0.3185424461501996
