feature,mean_importance
exper,0.03704341916748499
married,0.1307269586753718
tenure,0.17410178602820234
educ,0.20215907894117077
female,0.3151306694320387
