feature,mean_importance
married,-0.002571384410902167
exper,-0.0006350831950905133
tenure,0.03672354273469782
female,0.07663257203705931
educ,0.31169081218042843
