feature,mean_importance
exper,0.12195195770478126
tenure,0.152539864034059
married,0.1587535901194604
female,0.28211622268237163
educ,0.5076427597524771
