feature,mean_importance
married,-0.05406449906206288
exper,0.016361525728267167
tenure,0.06692822186377194
female,0.07959648387001954
educ,0.23215412545279265
