feature,mean_importance
exper,0.01656268847230522
married,0.04605759681301207
tenure,0.19968114785363286
educ,0.2589424947156472
female,0.25906620472206304
