feature,mean_importance
married,0.08627159002095226
exper,0.19206229813198633
female,0.23935234280491988
tenure,0.28131514536788843
educ,0.6334130101057871
