feature,mean_importance
exper,0.012734520598310262
married,0.05855575483768869
female,0.25417287772770675
educ,0.30631641023592454
tenure,0.30659951044441547
