feature,mean_importance
married,0.15248018503823127
exper,0.26792140240180023
tenure,0.27640609895414675
female,0.34725978510370203
educ,0.44053138568177774
