feature,mean_importance
married,-0.24985465569462165
tenure,0.45856792437626287
exper,0.8884986322584096
educ,1.0013969919594552
female,2.726260575000548
