feature,mean_importance
tenure,-0.7317796967534316
married,0.0
female,0.9112966871579907
exper,1.5299932362319175
educ,2.0833466040786246
