feature,mean_importance
married,-1.4540018151134824
exper,-0.4151488584951288
tenure,0.468246511328757
female,3.3810226958846608
educ,12.452856603224816
