feature,mean_importance
exper,-0.17152117603970876
married,-0.022585080676846125
educ,1.9587706806844323
female,3.2997560665670362
tenure,3.648721754807667
