feature,mean_importance
exper,0.01819347374906464
married_sum_educ,0.032222802834907104
female_ratio_educ,0.0491330815469714
married_diff_female,0.09659840935167745
tenure,0.09799516118353482
educ_diff_female,0.12285186872644323
tenure_sum_educ,0.14261385325889467
