feature,mean_importance
tenure,0.001801572180365385
tenure_sum_educ,0.0071917047478395335
female_ratio_educ,0.04438872444778378
married_sum_educ,0.05376713653439358
married_diff_female,0.06282385696901933
educ_diff_female,0.08527446182687379
exper,0.09436028083217621
