feature,mean_importance
tenure,-0.01784090197389353
tenure_sum_educ,-0.012222748295885566
female_ratio_educ,-0.011041033682974533
married_sum_educ,0.001948628884885384
married_diff_female,0.0042535476180061375
exper,0.027452497844226077
educ_diff_female,0.03519356705482259
