feature,mean_importance
exper,0.04883933590911967
married,0.0946784975498521
tenure,0.25748744570675586
female,0.3362381027178329
educ,0.5221237533490062
