feature,mean_importance
married,0.002299200212539332
exper,0.05098277600453862
female,0.22121012614387175
tenure,0.30692586554617945
educ,0.3555691894362115
