feature,mean_importance
married,0.009379303052446419
exper,0.036098883392719175
female,0.11638436308362417
tenure,0.21390272519344095
educ,0.4654150215786167
