feature,mean_importance
married,0.009023057487127884
exper,0.023649830123905025
female,0.2020917918148398
tenure,0.3100388566871509
educ,0.3532483501073239
