feature,mean_importance
married,-0.028527777472588355
tenure,0.004840555289538906
exper,0.016770717541881242
female,0.03962901802056322
educ,0.1253370697826479
