feature,mean_importance
married,0.00567639745276779
exper,0.02596655731258184
educ,0.06095117163346729
tenure,0.14929089213128782
female,0.18665666154953967
