feature,mean_importance
married,0.049700933849452456
educ,0.07331575487170823
tenure,0.08811473273078982
exper,0.10082955271363918
female,0.17701568119615793
