feature,mean_importance
married,-0.027742251119323214
tenure,-0.010563022884248218
exper,0.026015184965503722
female,0.041501398333422035
educ,0.10978089465515958
