feature,mean_importance
exper,0.02692437480813272
married,0.035903379204153804
tenure,0.21595244007343725
female,0.3339765821274536
educ,0.46842933767732403
