feature,mean_importance
married,0.011476360121089879
exper,0.1501409334262255
female,0.19134780933594372
tenure,0.28290409479468304
educ,0.7795875158690266
