feature,mean_importance
married,0.006518026111219299
exper,0.008083342351948885
female,0.054133633573145865
tenure,0.1263483353379193
educ,0.38420827260673457
