feature,mean_importance
married,0.019521536729721057
exper,0.07296635724747677
female,0.13337476419873648
tenure,0.1551874243040913
educ,0.18900182670377036
