feature,mean_importance
married,0.004465962752238384
exper,0.017963371223324188
tenure,0.16144837159930794
educ,0.19951316318840379
female,0.20725475008178468
