feature,mean_importance
married,0.026523487016039838
exper,0.04158707336355187
female,0.23914038027452822
tenure,0.2575505651235627
educ,0.3185130598435687
