feature,mean_importance
married,0.0019045430512001026
exper,0.07922942365907207
female,0.20950137204085917
tenure,0.22536215319683173
educ,0.296141314097523
