feature,mean_importance
married,0.0005107732903249729
exper,0.011776450057653131
female,0.036252771884027535
tenure,0.15101806728095654
educ,0.46628911745472107
