feature,mean_importance
married,0.010737333020245054
exper,0.10475012651846534
female,0.1540534425908892
tenure,0.18763992888505593
educ,0.21219900895884644
