feature,mean_importance
Dist_Cluster_1,-0.016407367068166367
married,0.0004715989198842196
Cluster,0.001742495487840956
Dist_Cluster_3,0.011638871893183956
Dist_Cluster_2,0.012595373113578234
exper,0.025598142362243094
Dist_Cluster_4,0.05662831529899086
Dist_Cluster_0,0.06352294356853298
female,0.08488377196545119
tenure,0.12517432462077885
educ,0.39903242816565615
