feature,mean_importance
exper,0.12457380200951626
tenure,0.19483202936793892
