feature,mean_importance
exper,0.10428128827495124
tenure,0.3233491066574633
