feature,mean_importance
tenure,0.1573257941430739
exper,0.19892680715810654
