feature,mean_importance
exper,0.06939396037453652
tenure,0.10026912687635758
