feature,mean_importance
married,0.059051768654784474
exper,0.06545479683147323
female,0.233267697280429
tenure,0.2511845680890109
educ,0.28896680521650886
