feature,mean_importance
married,0.03317771311852187
exper,0.09916446614805804
tenure,0.13590069187264597
female,0.14277111823895333
educ,0.4737581174343063
