feature,mean_importance
exper,0.01980686125289972
married,0.10336127090287055
tenure,0.1275151720242347
educ,0.1690121752425158
female,0.28177638443957187
