feature,mean_importance
married,-0.18797316461972546
female,-0.04565628260587631
tenure,-0.04476903426977739
exper,0.011300608450492255
educ,0.04957343783478516
