feature,mean_importance
tenure,0.05301825801983625
exper,0.07453587880201876
married,0.11200439180063668
educ,0.12303507481691552
female,0.23606058643719158
