feature,mean_importance
married,0.06946137587223554
female,0.15712800851777844
exper,0.15956715054024895
tenure,0.19059367717798756
educ,0.22853977621754068
