feature,mean_importance
married,-0.0024224008508846318
exper,0.018907162413214818
female,0.22756707522826697
educ,0.2577710306188551
tenure,0.3210443269877148
