feature,mean_importance
married,0.0
exper,0.7385009842988239
tenure,1.0409511160263323
female,2.0466325002602788
educ,2.267058437919167
