feature,mean_importance
tenure,-1.3377619773701501
married,-1.2052334347899722
female,-0.26946200380970675
exper,0.02174363508694981
educ,0.20233621079676462
