feature,mean_importance
exper,-0.18242111572153447
married,0.0
female,1.1926982156876622
tenure,2.463450377876801
educ,9.38162675199339
