feature,mean_importance
married,-0.01327241620716294
exper,0.0011490987928246988
tenure,0.03652035808288937
female,0.05495609405821641
educ,0.12785705850291254
