feature,mean_importance
married,-0.006763285886048009
female,0.0388419483722088
exper,0.08447511581976375
tenure,0.14117907547966274
educ,0.5034042818962673
