feature,mean_importance
married,0.0033759356585609914
exper,0.069289789213663
female,0.11751194480799314
tenure,0.15564008970415938
educ,0.19912234142073734
