feature,mean_importance
married,0.0036526392269438544
exper,0.05674285804228021
tenure,0.14811444037125682
female,0.16892911197207336
educ,0.17860555813620765
