feature,mean_importance
married,0.023562578917635933
exper,0.07444487258960772
tenure,0.19393190627091916
female,0.24709565115749238
educ,0.5386101510373469
