feature,mean_importance
married,-0.0023528946416712104
exper,0.007968382795621865
female,0.028244359895239414
tenure,0.10512978731176345
educ,0.37292655987027074
