feature,mean_importance
married,0.045427250137372054
exper,0.15880513296379792
female,0.2708687830611284
tenure,0.2817279424934624
educ,0.3842925414608215
