feature,mean_importance
married,-0.048645024066896005
tenure,-0.015251877799494395
exper,0.018650188031965144
female,0.032490751802158345
educ,0.12483409448287783
