feature,mean_importance
married,-0.003788020995292274
exper,0.047942765064626046
tenure,0.1902115038629057
female,0.2695911484962447
educ,0.2925332679376013
