feature,mean_importance
exper,0.023653704655877773
married,0.09010665855564884
tenure,0.25538512667318525
female,0.2712966515873674
educ,0.3426544248635009
