feature,mean_importance
married,0.0269388844001181
exper,0.03952914904828475
educ,0.0822823898048912
tenure,0.13402966406319677
female,0.2647893187363605
