feature,mean_importance
married,0.033565760950290915
exper,0.16854604505115184
female,0.24040067856716565
tenure,0.328963221107441
educ,0.5845026717611701
