feature,mean_importance
married,0.015842431062420607
exper,0.06658262240288709
female,0.16509812937579837
tenure,0.1982547447572675
educ,0.4778536415480727
