feature,mean_importance
married,0.022642212635253022
exper,0.03174117930562416
educ,0.06915957912926589
tenure,0.12175089684502241
female,0.2332366191433784
