feature,mean_importance
married,0.023949811455402602
exper,0.04725296907476486
female,0.26260768119124445
tenure,0.3030665305001275
educ,0.3388757632115455
