feature,mean_importance
married,-0.026521677786068943
tenure,-0.021094643828737193
exper,0.04535943401000995
female,0.04995870645452187
educ,0.1456847877332962
