feature,mean_importance
married,0.03127681074164956
tenure,0.21539454957010692
exper,0.2175689415455734
female,0.2270976299869206
educ,0.6972966100810438
