feature,mean_importance
married,-0.012025355764735146
female,0.007968108899267422
exper,0.06320211010185703
tenure,0.09714005138268995
educ,0.42206912081870573
