feature,mean_importance
married,0.03646985077775502
exper,0.0670760572349312
tenure,0.17358177493704857
female,0.26369566992591476
educ,0.517153282416434
