feature,mean_importance
exper,0.023508488620283364
married,0.051236912610757156
educ,0.20679744354737634
female,0.2438523152234687
tenure,0.2655394969173007
