feature,mean_importance
exper,0.029366623801555348
married,0.045703389380532734
tenure,0.06773597543552008
educ,0.1597804046220171
female,0.2777188058158876
