feature,mean_importance
exper,0.036522577439973246
married,0.10472864900054009
tenure,0.1840932208577184
female,0.21104950125079922
educ,0.25426252417209266
