feature,mean_importance
exper,0.0
married,0.0
female,0.22109795533072588
educ,0.3105812089898524
tenure,0.41068635462062153
