feature,mean_importance
exper,0.043928267237054855
married,0.05032520237929994
tenure,0.05495842271755367
educ,0.214780663024966
female,0.3395451397814836
