feature,mean_importance
exper,0.0
married,0.0
female,0.05846966681157576
tenure,0.32121751250211555
educ,0.4289433162080953
