feature,mean_importance
married,0.0045037628133541615
tenure,0.1830530916720371
female,0.21628838480182866
exper,0.22546083813205559
educ,0.6298166957303031
