feature,mean_importance
married,0.005690222123743122
exper,0.0882297168044418
female,0.1346561379557769
tenure,0.15797477075974536
educ,0.5132561436700595
