feature,mean_importance
married,0.006961797480780807
exper,0.05609702334301729
tenure,0.12733193620268554
female,0.2061441573098751
educ,0.2725886360754831
