feature,mean_importance
married,0.004493538401984543
exper,0.12401059606649892
tenure,0.14935474153606784
female,0.15724512370489988
educ,0.25462060119445573
