feature,mean_importance
married,0.01210401472084307
exper,0.06405149689210189
tenure,0.10350431000661846
educ,0.12281557551605671
female,0.20306637686589596
