feature,mean_importance
married_sum_educ,0.019289825698723582
female_ratio_educ,0.055556667662530826
married_diff_female,0.07582378255421371
educ_diff_female,0.08192877983648099
tenure,0.0873129744831701
tenure_sum_educ,0.15623132167388087
exper,0.18166825171149045
