feature,mean_importance
exper,0.03287614633011342
married_sum_educ,0.036999331798620805
female_ratio_educ,0.043369879311286066
married_diff_female,0.09506380592654728
tenure,0.11244505072812183
educ_diff_female,0.12860010843836697
tenure_sum_educ,0.15795105108591692
