feature,mean_importance
tenure,-0.013544814037957242
tenure_sum_educ,-0.006083545467088591
married_sum_educ,-0.005032189979192181
female_ratio_educ,-0.004712081957801073
married_diff_female,0.011923108644126879
educ_diff_female,0.028711176460638588
exper,0.039153849367638494
