feature,mean_importance
married_sum_educ,0.011315828785329617
female_ratio_educ,0.0198603151076149
tenure,0.03274556760606664
tenure_sum_educ,0.04689087940580783
exper,0.059248241202201804
married_diff_female,0.07338125905373549
educ_diff_female,0.12622845455759055
