feature,mean_importance
female_ratio_educ,0.002422827536676597
married_sum_educ,0.017365405457541994
tenure_sum_educ,0.028158922126152376
tenure,0.03961105438859479
married_diff_female,0.0402712142771416
educ_diff_female,0.04866251888667923
exper,0.090181822923854
