feature,mean_importance
married_diff_female,0.07977681501986596
tenure,0.09325209921457508
female_ratio_educ,0.0935691870236918
married_sum_educ,0.09477374762221442
exper,0.16340123588946925
tenure_sum_educ,0.19130704544059257
educ_diff_female,0.22217523027709948
