feature,mean_importance
female_ratio_educ,0.01627358971381108
married_diff_female,0.022758733974911453
tenure,0.032936743643828335
married_sum_educ,0.046285120876626985
exper,0.04958841252706305
tenure_sum_educ,0.10844042664358196
educ_diff_female,0.1340361813975083
