feature,mean_importance
tenure,-0.016545401786397317
tenure_sum_educ,0.005120176999606474
married_sum_educ,0.0109633332563857
female_ratio_educ,0.035977372090846504
married_diff_female,0.054532922140306764
educ_diff_female,0.07817572049856268
exper,0.0866352671043465
