feature,mean_importance
exper,0.027016631101371667
married,0.040327553205470455
tenure,0.11035460480059678
female,0.14624512442625132
educ,0.3037381715413561
