feature,mean_importance
exper,0.013478219981909744
married,0.1526943086542934
tenure,0.19645522552054337
educ,0.3009312468928529
female,0.33266971198228373
