feature,mean_importance
exper,0.019133710885502288
tenure,0.08389649616750583
married,0.15330886675730787
educ,0.19805098760852782
female,0.240158336190084
