feature,mean_importance
exper,0.003086908588376436
tenure,0.016999551215559607
married,0.020783565990771146
female,0.1360396267494434
educ,0.21390713887383273
