feature,mean_importance
exper,0.01847307714735049
tenure,0.16616049660011084
married,0.19262554159093875
educ,0.32559376874718204
female,0.3543818943630164
