feature,mean_importance
exper,0.027275021893896922
tenure,0.21381324723011502
married,0.2390885596837748
female,0.3083379975304924
educ,0.5501438648429897
