feature,mean_importance
exper,0.01879293841045837
tenure,0.1120897816750431
married,0.14853464773468267
female,0.15928054272845552
educ,0.37522405129899644
