feature,mean_importance
exper,0.015114757545726377
married,0.021450126249601277
female,0.18322725928606004
tenure,0.31509133606245493
educ,0.32680188829994633
