feature,mean_importance
married,0.03940889368117447
exper,0.20480251517639392
female,0.22254827488768897
tenure,0.25351645730045885
educ,0.4443815658674506
