feature,mean_importance
married,-0.006918807891362666
exper,-0.0015978121291347568
female,0.032473933499889876
tenure,0.13090957735599018
educ,0.4075437795626827
