feature,mean_importance
exper,0.0328993767215908
married,0.04816932712914814
tenure,0.20476562415318247
female,0.27257371963316473
educ,0.6090461949865608
