feature,mean_importance
married,0.024181368281950867
educ,0.11736003024259503
exper,0.13786400822706618
tenure,0.1781331088876656
female,0.2827200730821463
