feature,mean_importance
married,0.0
exper,2.1108143145594602
female,3.1281676294536647
educ,4.6818586992231825
tenure,7.664772173269631
