feature,mean_importance
married,0.2831847735359151
exper,3.324102241361301
female,4.627044208234286
tenure,5.693563833007872
educ,10.736587087893351
