feature,mean_importance
married,0.0
exper,1.5522649237949786
tenure,2.601099757436626
female,2.715307465516621
educ,8.338219616036806
